札番号,単語数,総文字数(現在の満点),登録単語リスト
1,23,105,あきのたの/田の/とまをあらみ/かりほ/あきのたの　かりほのいほの　とまをあらみ/秋の/かりほの庵の/あき/秋の田の/秋の田/たの/かり/あきの/秋の田の　かりほの庵の　苫をあらみ/苫をあ/とまを/らみ/とま/庵の/ほの/苫をあらみ/苫を/かりほのいほの
2,23,101,夏来/夏来に/はるす/はるすぎて/はる/しろたへの/春過/なつ/妙の/夏来にけらし/しろた/らし/春過ぎ/ぎて/春過ぎて/白妙/への/はるすぎて　なつきにけらし　　しろたへの/なつき/しろ/なつきにけらし/春過ぎて　夏来にけらし　　白妙の/白妙の
3,18,89,をの/きの/あしびきの　山鳥の尾の　しだり尾の/あしびきの/あし/しだり/山鳥の/しだりをの/やまど/あしび/あしびきの　やまどりのをの　しだりをの/やまどりのをの/山鳥/山鳥の尾の/しだ/やま/尾の/しだり尾の
4,23,109,たごの/うちい/田子/しろたへの/田子の/妙の/たごのうらに/しろた/れば/うち出/らに/うち出でて見れば/白妙/うち/たごのうらに　うちいでてみれば　しろたへの/浦に/への/うちいでてみれば/しろ/たご/白妙の/田子の浦に/田子の浦に　うち出でて見れば　白妙の
5,25,103,おく/かの/奥山に　紅葉踏み分け　鳴く鹿の/鳴く鹿/分け/なくし/山に/紅葉踏/奥山に/紅葉/紅葉踏み分け/鳴く/おくやまに　もみぢふみわけ　なくしかの/もみぢふみわけ/なく/奥山/まに/もみ/鳴く鹿の/鹿の/おくやまに/もみぢ/わけ/おくや/なくしかの
6,23,95,置く霜の/置く/おく/鵲の　渡せる橋に　置く霜の/鵲の/渡せる橋に/わた/橋に/かさ/渡せ/かささぎの　わたせるはしに　おくしもの/しに/おくし/霜の/わたせ/ぎの/渡せる/もの/かささ/置く霜/かささぎの/おくしもの/わたせるはしに
7,21,96,天の原　ふりさけ見れば　春日なる/春日なる/春日な/の原/かすがなる/あまのはら　ふりさけみれば　かすがなる/春日/ふりさ/あまのはら/かすが/天の/れば/あまの/あま/ふり/かす/はら/天の原/なる/ふりさけみれば/ふりさけ見れば
8,23,99,わが庵は/みや/しか/みやこ/都の辰/辰巳/しかぞすむ/わがい/わが庵は　都の辰巳　しかぞ住む/すむ/わがいほは　みやこのたつみ　しかぞすむ/つみ/みやこのたつみ/しかぞ/しかぞ住む/わが/都の/わが庵/わがいほは/ほは/都の辰巳/庵は/住む
9,21,98,移りに/花の/うつりにけりな/花の色は/りな/色は/うつ/はな/はなのいろは　うつりにけりな　いたづらに/いたづらに/ろは/花の色は　移りにけりな　いたづらに/らに/花の色/うつり/いた/はなのいろは/はなの/移りにけりな/いたづ/移り
10,13,80,これ/これやこの　いくもかへるもわかれては/これや/これやこの　行くも帰るも別れては/行く/行くも/この/ては/いくも/いくもかへるもわかれては/行くも帰るも別れては/いく/これやこの
11,23,112,わたのはら　やそしまかけて　こぎいでぬと/わたのはら/わたのはら　や/の原/八十/漕ぎ/ぬと/わた/こぎいでぬと/こぎい/漕ぎ出/やそしまかけて/わたの原/八十島/わたの/漕ぎ出でぬと/八十島かけて/はら/やそし/やそ/こぎ/けて/わたの原　八十島かけて　漕ぎ出でぬと
12,24,101,吹き閉/雲の通/ふき/あまつ/雲の/くものかよひぢ/つ風/吹き閉ぢよ/吹き/ふきとぢよ/天つ風/くもの/ひ路/くも/あま/あまつかぜ/かぜ/あまつかぜ　くものかよひぢ　ふきとぢよ/雲の通ひ路/天つ風　雲の通ひ路　吹き閉ぢよ/ひぢ/天つ/ぢよ/ふきと
13,24,101,筑波/峰より/女川/みなの/みね/峰より落つる/男女/筑波嶺の　峰より落つる　男女川/つくば/ねの/がは/筑波嶺の/つる/男女川/つく/みねよ/峰よ/筑波嶺/つくばねの/つくばねの　みねよりおつる　みなのがは/みなのがは/みねよりおつる/みな/嶺の
14,20,89,誰ゆ/陸奥の/みちのくの　しのぶもぢずり　たれゆゑに/誰ゆゑ/みちのくの/みち/しのぶもぢずり/みちの/しの/たれ/たれゆ/誰ゆゑに/たれゆゑに/くの/ゑに/しのぶ/陸奥/ずり/陸奥の　しのぶもぢずり　誰ゆゑに/奥の
15,25,115,つむ/きみ/君がた/きみが/きみがため/はる/春の野/はるの/きみがため　はるののにいでて　わかなつむ/でて/きみがため　は/君が/春の/君がため　春の野に出でて　若菜摘む/若菜/摘む/はるののにいでて/わかな/わかなつむ/若菜摘/わか/春の野に出でて/ため/君がため/若菜摘む
16,23,105,みね/たちわかれ　いなばのやまの　みねにおふる/立ち別/たちわ/いなばの山の/いな/立ち/立ち別れ/かれ/いなば/別れ/ふる/立ち別れ　いなばの山の　峰に生ふる/峰に生/峰に生ふる/いなばのやまの/峰に/たちわかれ/みねにおふる/まの/たち/山の/みねに
17,20,91,たつた/神代/ちはやぶる　かみよもきかず　たつたがは/たつ/ちは/田川/かず/ちはや/がは/神代も聞かず/かみよ/ちはやぶる　神代も聞かず　竜田川/かみ/ぶる/かみよもきかず/ちはやぶる/神代も/竜田/竜田川/たつたがは
18,22,96,きしによるなみ/よるさ/えの/すみのえの　きしによるなみ　よるさへや/すみのえの/住の江の　岸に寄る波　よるさへや/なみ/住の江の/る波/住の/すみの/岸に/よるさへや/よる/岸に寄/住の江/へや/江の/きしに/岸に寄る波/きし/すみ
19,24,100,ふしの/波潟/みじ/ふしの間も/難波/なには/みじかきあしの/短き蘆の/しの/短き蘆/なにはがた/なにはがた　みじかきあしの　ふしのまも/短き/みじか/間も/ふしのまも/難波潟　短き蘆の　ふしの間も/がた/蘆の/難波潟/なにはが/ふし/まも/なに
20,20,94,わびぬれば/今はた/わび/いまはたおなじ/難波/なには/わびぬれば　いまはたおなじ　なにはなる/わびぬれば　今はたおなじ　難波なる/今はたおなじ/難波なる/いま/れば/いまは/なにはなる/なじ/わびぬ/今は/難波な/なる/なに
21,23,101,きの/いひしばかりに/今来む/いひ/月の/言ひしばかりに/いま/なが/ながつきの/りに/今来/言ひ/いまこむと　いひしばかりに　ながつきの/言ひし/いまこむと/いまこ/むと/今来むと/ながつ/いひし/長月の/今来むと　言ひしばかりに　長月の/長月
22,21,96,きの/木の/ふくからに　あきのくさきの　しをるれば/秋の/ふくか/ふくからに/あき/ふく/れば/しをる/しを/秋の草/吹く/あきのくさきの/らに/吹くからに/秋の草木の/あきの/しをるれば/吹くからに　秋の草木の　しをるれば/吹くか
23,20,92,こそ/悲しけれ/つきみ/月見れ/月見れば　ちぢにものこそ　悲しけれ/月見/ちぢにものこそ/悲し/けれ/れば/かなし/つき/つきみれば/月見れば/ちぢ/悲しけ/つきみれば　ちぢにものこそ　かなしけれ/かな/かなしけれ/ちぢに
24,18,92,手向/たむ/手向山/びは/この/このたびは　ぬさもとりあへず　たむけやま/向山/たむけ/へず/ぬさも/ぬさも取りあへず/ぬさもとりあへず/このたびは/たむけやま/このた/ぬさ/やま/このたびは　ぬさも取りあへず　手向山
25,21,98,なにしおはば　あふさかやまの　さねかづら/あふ/なにし/あふさかやまの/名に/逢坂/逢坂山の/名にし負はば/名にし/さねか/さね/あふさ/はば/名にし負はば　逢坂山の　さねかづら/さねかづら/逢坂山/づら/山の/まの/なに/なにしおはば
26,25,105,峰の/おぐ/をぐら/みねの/ぢ葉/こころあらば/みね/みねのもみぢば/小倉山　峰のもみぢ葉　心あらば/小倉/小倉山/峰のもみぢ葉/らば/をぐらやま/心あらば/をぐらやま　みねのもみぢば　こころあらば/ぢば/ここ/心あ/峰のも/こころ/をぐ/やま/倉山/心あら
27,18,85,るる/いづみ/の原/わきて/わき/みか/みかの原/わきて流るる/がは/いづみがは/わきてながるる/みかの/はら/みかのはら/みかのはら　わきてながるる　いづみがは/みかの原　わきて流るる　泉川/泉川/いづ
28,20,89,ふゆぞさびしさ/まさり/冬ぞ/山里は/しさ/里は/ける/やまざとは/山里/ふゆぞ/まさりける/とは/まさ/やまざとは　ふゆぞさびしさ　まさりける/冬ぞ寂しさ/山里は　冬ぞ寂しさ　まさりける/やまざ/ふゆ/冬ぞ寂/やま
29,24,107,をら/こころあ/折らばや折らむ/こころあてに/らむ/ここ/はつ/折ら/霜の/心あ/はつしもの/てに/もの/はつし/心あてに/折らば/こころ/初霜の/こころあてに　をらばやをらむ　はつしもの/心あてに　折らばや折らむ　初霜の/をらば/心あて/初霜/をらばやをらむ
30,21,96,つれな/つれなく見えし/より/有明/別れより/ありあ/あり/わかれ/有明の/けの/ありあけの/つれ/つれなくみえし/有明の　つれなく見えし　別れより/ありあけの　つれなくみえし　わかれより/別れ/別れよ/明の/えし/わか/わかれより
31,25,113,きと/見るま/見るまでに/有明/ありあ/あり/みるまでに/あさ/有明の/朝ぼら/でに/あさぼらけ　あ/朝ぼらけ　有明の月と　見るまでに/朝ぼ/有明の月と/みる/らけ/あさぼ/朝ぼらけ/あさぼらけ　ありあけのつきと　みるまでに/あさぼらけ/ありあけのつきと/みるま/月と/見る
32,20,91,たる/山川に　風のかけたる　しがらみは/やまがはに/しがらみは/山川/川に/やまが/山川に/かぜ/みは/しが/やまがはに　かぜのかけたる　しがらみは/かぜのかけたる/かぜの/はに/風のかけたる/やま/風の/しがら/風のか
33,21,94,春の日に/ひさ/ひかり/はる/光の/はるの/ひに/春の/ひさか/光のどけき/たの/日に/ひさかたの/ひか/光のど/春の日/ひさかたの　ひかりのどけき　はるのひに/ひかりのどけき/ひさかたの　光のどけき　春の日に/けき/はるのひに
34,23,99,高砂/しる/誰をかも/たか/たれをかも/知る人/誰をか/かも/知る人にせむ/高砂の/誰を/せむ/たれ/たれを/たかさごの/砂の/知る/しるひとにせむ/たかさ/しるひ/たれをかも　しるひとにせむ　たかさごの/ごの/誰をかも　知る人にせむ　高砂の
35,20,92,ひとはいさ/ふるさ/心も知/ここ/とは/心も/らず/ひとはいさ　こころもしらず　ふるさとは/こころもしらず/人はい/心も知らず/ふる/ひとは/こころ/人はいさ　心も知らず　ふるさとは/人は/いさ/ふるさとは/ひと/人はいさ
36,23,104,なつのよは/夏の夜は　まだ宵ながら　明けぬるを/明けぬ/あけぬ/なつ/夏の夜/明けぬるを/あけぬるを/なつのよは　まだよひながら　あけぬるを/まだよひながら/よは/あけ/夏の/るを/まだ宵/夜は/夏の夜は/なつの/明け/まだよ/まだ宵ながら/がら/まだ
37,24,101,風の吹きしく/野は/露に/秋の/白露に/白露に　風の吹きしく　秋の野は/あき/ゆに/秋の野/しく/風の吹/あきの/あきののは/かぜ/秋の野は/しらつ/しらつゆに/かぜのふきしく/しら/白露/かぜの/しらつゆに　かぜのふきしく　あきののは/風の/のは
38,23,102,るる/みをば/身を/わすら/わすらるる/みをばおもはず/身をば/忘ら/忘らるる/わす/みを/忘らる/身をば思はず/はず/ちかひてし/てし/ちか/誓ひてし/ちかひ/誓ひ/忘らるる　身をば思はず　誓ひてし/誓ひて/わすらるる　みをばおもはず　ちかひてし
39,24,101,をの/浅茅生の/浅茅生/をのの/小野/あさ/しの/をののしのはら/小野の篠原/しのぶれど/浅茅生の　小野の篠原　しのぶれど/あさじ/あさぢふの/しのぶ/生の/小野の/さじ/はら/あさぢふの　をののしのはら　しのぶれど/篠原/れど/あさぢ/浅茅/ふの
40,20,98,わが恋は/恋は/色に/わがこひは/しの/しのぶれど　いろにいでにけり　わがこひは/しのぶれど/わがこ/しのぶれど　色に出でにけり　わが恋は/いろにいでにけり/しのぶ/色に出/ひは/わが恋/わが/いろ/けり/色に出でにけり/れど/いろに
41,23,106,たちにけり/こひ/立ちにけり/わがなはまだき/たちに/こい/恋すてふ/立ち/てふ/恋すてふ　わが名はまだき　立ちにけり/立ちに/恋す/恋すて/わがな/こひすてふ/こひすてふ　わがなはまだき　たちにけり/わが名はまだき/わが/わが名/こひす/けり/たち/だき
42,20,95,契りき/ちぎり/しぼりつつ/契り/契りきな/しぼり/契りきな　かたみに袖を　しぼりつつ/袖を/でを/つつ/かた/ちぎりきな/かたみに袖を/ちぎりき/きな/ちぎ/しぼ/かたみにそでを/ちぎりきな　かたみにそでを　しぼりつつ/かたみ
43,20,93,くらぶ/あひみての/逢ひ見/逢ひ/れば/ての/あい/心に/あひみ/くらぶれば/あひ/のち/のちの心に/くら/ろに/逢ひ見ての/あひみての　のちのこころに　くらぶれば/のちの/逢ひ見ての　のちの心に　くらぶれば/のちのこころに
44,23,105,との/たえ/なかなかに/絶えて/あふことの　たえてしなくは　なかなかに/あふ/あふことの/おお/くは/たえて/なかな/おおこ/あふこ/たえてしなくは/逢ふことの　絶えてしなくは　なかなかに/逢ふ/かに/絶え/逢ふこ/なか/おこ/逢ふことの/絶えてしなくは
45,22,98,いふべき人は/おもほ/いふ/思ほえ/あわ/おも/われ/あわれ/あはれとも　いふべき人は　思ほえで/あはれ/思ほえで/とは/あはれとも　いふべきひとは　おもほえで/とも/いふべきひとは/えで/おもほえで/あはれとも/あは/人は/いふべ/思ほ
46,24,103,ゆらのとを/たえ/由良の門を/ゆら/ゆらの/由良/わた/かぢをたえ/渡る/門を/由良の門を　渡る舟人　かぢを絶え/渡る舟人/舟人/渡る舟/びと/かぢ/わたるふなびと/ゆらのとを　わたるふなびと　かぢをたえ/とを/わたる/由良の/かぢを/かぢを絶え/絶え
47,20,95,宿の/どの/やえ/さびし/八重/しげれる宿の/八重むぐら/やへむぐら　しげれるやどの　さびしきに/八重む/さびしきに/ぐら/きに/やへ/しげれ/やへむぐら/やへむ/八重むぐら　しげれる宿の　さびしきに/さび/しげれるやどの/しげ
48,21,98,かぜを/いはうつなみの/たみ/かぜをいたみ/のみ/みの/風を/おのれ/風をいたみ　岩うつ波の　おのれのみ/岩う/おの/風をい/いはう/岩うつ波の/おのれのみ/いは/岩うつ/かぜ/かぜをいたみ　いはうつなみの　おのれのみ/風をいたみ/波の
49,25,105,燃え/ゑじの/夜は燃/垣守/もり/みか/よるはもえ/衛士のたく火の/よるは/衛士の/御垣/ゑじのたくひの/ゑじ/もえ/夜は燃え/衛士/夜は/御垣守/ひの/よる/御垣守　衛士のたく火の　夜は燃え/みかき/みかきもり　ゑじのたくひの　よるはもえ/火の/みかきもり
50,23,106,きみ/君がた/命さ/いのち/きみが/をしからざりし/きみがため/いのちさへ/きみがため　を/いの/惜しからざりし/をしか/君が/君がため　惜しからざりし　命さへ/惜し/りし/さへ/惜しか/ため/命さへ/君がため/をし/きみがため　をしからざりし　いのちさへ
51,18,88,きの/かくと/ぐさ/かくとだに/さしも草/かくとだに　えやはいぶきの　さしもぐさ/さし/えやは/えやはいぶきの/も草/吹の/えや/さしも/さしもぐさ/かく/かくとだに　えやは伊吹の　さしも草/えやは伊吹の/だに
52,23,108,あけぬれば　くるるものとは　しりながら/明けぬ/あけぬ/知りながら/しり/あけぬれば/明けぬれば/知りな/しりな/あけ/れば/くるる/暮るるものとは/とは/暮る/明け/知り/くる/しりながら/くるるものとは/明けぬれば　暮るるものとは　知りながら/がら/暮るる
53,23,105,なげ/よの/ひとり/明くる間は/まは/嘆き/あく/間は/嘆きつつ/嘆きつつ　ひとり寝る夜の　明くる間は/なげき/明くる/嘆きつ/あくるまは/ひとりねるよの/つつ/明く/なげきつつ　ひとりねるよの　あくるまは/夜の/なげきつつ/ひとり寝る夜の/ひと/あくる
54,19,92,わすれ/忘れじの/忘れじ/では/わすれじの/かたけ/ゆく末/わす/れば/ゆくすゑまでは/かた/わすれじの　ゆくすゑまでは　かたければ/ゆく/ゆく末までは/忘れ/忘れじの　ゆく末までは　かたければ/じの/かたければ/ゆくす
55,21,98,滝の音は　絶えて久しく　なりぬれど/たき/たえ/たきのおとは/音は/たえてひさしく/たきのおとは　たえてひさしく　なりぬれど/絶えて/なりぬ/たえて/滝の/なりぬれど/しく/とは/滝の音/たきの/なり/滝の音は/絶え/絶えて久しく/れど
56,20,96,かの/思ひ出に/この世/このよ/あら/おもひ/思ひ/おもひでに/おも/この/思ひ出/らむ/でに/あらざ/あらざらむ　このよのほかの　おもひでに/この世のほかの/あらざらむ　この世のほかの　思ひ出に/出に/あらざらむ/このよのほかの
57,20,104,めぐり逢ひて/見しやそれとも/めぐり/わかぬ/めぐり逢ひて　見しやそれとも　わかぬ間に/めぐ/見し/わかぬまに/みしや/みしやそれとも/間に/めぐりあひて/とも/ひて/見しや/わかぬ間に/まに/わか/みし/めぐりあひて　みしやそれとも　わかぬまに
58,24,99,けば/ゐなのささはら/ありまやま　ゐなのささはら　かぜふけば/ありま/笹原/猪名の/あり/有馬山　猪名の笹原　風吹けば/馬山/風吹け/有馬山/かぜふ/猪名の笹原/風吹/猪名/ゐな/ゐなの/ありまやま/はら/かぜ/有馬/かぜふけば/風吹けば/やま
59,20,98,やすらはで　寝なましものを　さ夜更けて/やすら/さよふけて/ねなましものを/のを/さ夜/ねな/寝なま/やす/はで/さよふ/さ夜更けて/さ夜更/やすらはで/さよ/寝な/寝なましものを/けて/やすらはで　ねなましものを　さよふけて/ねなま
60,26,106,おえ/いく野の道の/ちの/大江山/おおえ/おほえやま　いくののみちの　とほければ/とほ/大江/いくののみちの/とほけ/おお/おほえ/れば/いく/江山/いく野/道の/おほえやま/いくの/遠ければ/おほ/とほければ/遠け/やま/遠けれ/大江山　いく野の道の　遠ければ
61,21,91,ならのみやこの/やへざくら/ならの/なら/この/八重/奈良の都の/いに/奈良/やへざ/八重桜/奈良の/くら/への/やへ/いにしへの　ならのみやこの　やへざくら/都の/いにしへの　奈良の都の　八重桜/いにしへの/いにし/重桜
62,25,106,夜をこめて　鳥の空音は　謀るとも/鳥の空音は/はか/鳥の空/音は/よをこ/鳥の/夜をこ/はかる/夜をこめて/とりの/よをこめて　とりのそらねは　はかるとも/夜を/謀ると/とも/はかるとも/よお/とりのそらねは/謀る/めて/とり/ねは/よを/謀るとも/よをこめて
63,20,94,今はた/思ひ絶/なむ/おもひ/とばかりを/思ひ/おも/とば/いま/今はただ　思ひ絶えなむ　とばかりを/ただ/おもひたえなむ/いまは/りを/今は/いまはただ　おもひたえなむ　とばかりを/いまはただ/とばか/今はただ/思ひ絶えなむ
64,22,101,宇治/たえ/あさ/朝ぼら/えに/朝ぼ/うぢ/ぎり/らけ/あさぼ/朝ぼらけ　宇治の川霧　たえだえに/朝ぼらけ/あさぼらけ　うぢのかはぎり　たえだえに/宇治の川霧/川霧/うぢのかはぎり/あさぼらけ　う/たえだ/宇治の/うぢの/あさぼらけ/たえだえに
65,18,89,わび/うらみ/ほさ/のを/あるものを/恨みわび/ほさぬそでだに/あるも/恨み/ある/恨みわび　ほさぬ袖だに　あるものを/うらみわび　ほさぬそでだに　あるものを/うら/ほさぬ袖だに/ほさぬ/恨みわ/だに/うらみわび
66,17,82,もに/あはれ/あはれとおもへ/山桜/もへ/もろ/あはれと思へ/あは/やまざ/もろと/思へ/もろともに/やまざくら/もろともに　あはれとおもへ　やまざくら/やま/くら/もろともに　あはれと思へ　山桜
67,24,101,よの/春の夜/はるのよの/はる/枕に/手枕/たまくらに/夢ばか/はるの/春の夜の　夢ばかりなる　手枕に/夢ばかりなる/はるのよの　ゆめばかりなる　たまくらに/春の/ゆめばかりなる/らに/夢ば/夜の/たまく/ゆめば/ゆめ/手枕に/なる/春の夜の/たま
68,22,100,ながらへば/こころにも　あらでうきよに　ながらへば/長らへ/へば/心にも/あら/こころにも/ながら/長ら/なが/あらでうきよに/ここ/心にも　あらで憂き夜に　長らへば/にも/あらで/心に/長らへば/あらで憂き夜に/こころ/夜に/こころに/よに
69,23,98,嵐吹/三室/葉は/あら/みむ/もみぢ葉は/あらしふく　みむろのやまの　もみぢばは/ふく/吹く/みむろのやまの/三室の山の/嵐吹く　三室の山の　もみぢ葉は/嵐吹く/ばは/もみ/もみぢばは/もみぢ/あらし/あらしふく/三室の/山の/まの/みむろ
70,20,98,寂し/寂しさに/ながむ/宿を立/やどをたちいでて/寂しさに　宿を立ち出でて　ながむれば/でて/やど/寂しさ/ながむれば/なが/れば/さびしさに　やどをたちいでて　ながむれば/さびし/さに/宿を/やどを/宿を立ち出でて/さびしさに/さび
71,24,99,おとづ/れて/おとづれて/夕されば　門田の稲葉　訪れて/ゆふされば　かどたのいなば　おとづれて/ゆふされば/訪れ/夕さ/れば/おと/かど/ゆふさ/夕されば/ゆふ/なば/訪れて/門田/かどた/かどたのいなば/門田の/門田の稲葉/稲葉/ゆう/夕され
72,25,104,おとに/おとにきく　たかしのはまの　あだなみは/音に聞/あだ波/きく/あだ/たか/聞く/高師の/高師の浜の/おと/音に/波は/音に聞く　高師の浜の　あだ波は/たかしのはまの/たかし/あだ波は/高師/音に聞く/みは/あだな/あだなみは/浜の/おとにきく/まの
73,24,101,をの/さきに/さき/高砂/たかさごの　をのへのさくら　さきにけり/尾の上の桜/さきにけり/たか/をのへ/の桜/高砂の　尾の上の桜　咲きにけり/高砂の/尾の上/咲き/たかさごの/砂の/をのへのさくら/くら/たかさ/咲きに/けり/咲きにけり/ごの/尾の
74,24,108,憂かりける　人を初瀬の　山おろしよ/憂かりける/瀬の/人を/うかりける　ひとをはつせの　やまおろしよ/山おろしよ/うかり/ひとをはつせの/うかりける/ける/ひとを/人を初瀬の/せの/やまおろしよ/憂か/やまお/しよ/うか/山おろ/人を初/山お/憂かり/やま/ひと
75,22,102,契りお/ちぎり/いのち/させも/ちぎりおきし/契り/させもが露を/いの/ゆを/契りおきし/露を/にて/命に/いのちにて/契りおきし　させもが露を　命にて/ちぎりおきし　させもがつゆを　いのちにて/させもがつゆを/ちぎ/命にて/させ/きし/ちぎりお
76,20,104,ひさ/わたのはら　こ/わたの原　漕ぎ出でて見れば　ひさかたの/こぎいでてみれば/わたのはら/の原/漕ぎ出でて見れば/漕ぎ/わた/こぎい/れば/わたの原/漕ぎ出/ひさか/たの/わたの/ひさかたの/わたのはら　こぎいでてみれば　ひさかたの/はら/こぎ
77,23,101,せをはやみ　いはにせかるる　たきがはの/るる/岩に/やみ/たき/岩にせかるる/瀬をはやみ　岩にせかるる　滝川の/いはにせかるる/岩にせ/たきがはの/せをは/滝川の/川の/いは/せをはやみ/瀬を/はの/滝川/せを/たきが/いはに/瀬をは/瀬をはやみ
78,28,108,わじ/淡路島　通ふ千鳥の　鳴く声に/声に/かよ/なくこゑに/あわじ/鳥の/通ふ/あはぢしま　かよふちどりの　なくこゑに/かよふ/あわ/なくこ/りの/かよふちどりの/しま/路島/鳴く/あはぢ/通ふ千鳥の/なく/あはぢしま/ゑに/鳴く声/淡路/通ふ千/あは/淡路島/鳴く声に
79,22,98,たえま/ぜに/風に/あきかぜに/たえ/より/あきか/雲の/たなびくくもの/たなび/秋風に　たなびく雲の　絶え間より/たなびく雲の/たな/あき/絶え間/あきかぜに　たなびくくもの　たえまより/たえまより/もの/秋風に/秋風/絶え/絶え間より
80,23,97,くろか/ながか/髪の/ながからむ/くろ/らむ/なが/ここ/心も知/黒髪/長か/心も/長からむ　心も知らず　黒髪の/らず/長からむ/こころもしらず/心も知らず/長から/こころ/ながからむ　こころもしらず　くろかみの/黒髪の/みの/くろかみの
81,18,88,鳴きつる方を/鳴きつ/ほとと/鳴き/ほととぎす/ほととぎす　鳴きつる方を　ながむれば/ぎす/ながむ/ほと/ながむれば/ほととぎす　なきつるかたを　ながむれば/なが/れば/なき/たを/なきつ/なきつるかたを/方を
82,21,94,おもひわび/わび/ちは/さても命は/おもひ/思ひ/さて/のを/思ひわび　さても命は　あるものを/あるものを/おも/命は/あるも/ある/おもい/さてもいのちは/思ひわ/思ひわび/さても/もい/おもひわび　さてもいのちは　あるものを
83,25,106,中よ/よの/よのなかよ　みちこそなけれ　おもひいる/みち/思ひ入る/かよ/道こそ/世の中よ　道こそなけれ　思ひ入る/おもひ/思ひ/世の中/おも/けれ/よのな/よのなかよ/世の/道こそなけれ/おもひいる/みちこ/いる/みちこそなけれ/世の中よ/思ひ入/道こ/入る
84,17,84,しのばれむ/ながら/長ら/れむ/ながらへば/また/またこのごろや/またこ/長らへば/長らへ/長らへば　またこのごろや　しのばれむ/しの/ろや/なが/へば/ながらへば　またこのごろや　しのばれむ/しのば
85,23,108,よもすがら　ものおもふころは　あけやらで/よも/明けや/あけやらで/明けやらで/ろは/らで/あけ/夜もすがら/夜も/ものお/よもす/夜もす/物思/物思ふ/明け/よもすがら/もの/夜もすがら　物思ふころは　明けやらで/あけや/物思ふころは/がら/ものおもふころは
86,24,102,なげ/嘆けとて　月やは物を　思はする/おもは/思はす/なげけ/つきや/物を/のを/思はする/おも/月やは物を/なげけとて/月やは/おもはする/つき/する/とて/嘆け/月や/嘆けと/思は/なげけとて　つきやはものを　おもはする/つきやはものを/嘆けとて
87,25,105,まきの/まき/露もま/むらさめの　つゆもまだひぬ　まきのはに/真木/露も/むらさめの/まきのはに/村雨の/ひぬ/真木の/むら/葉に/つゆ/村雨の　露もまだ干ぬ　真木の葉に/真木の葉に/めの/つゆも/むらさ/つゆもまだひぬ/村雨/雨の/はに/干ぬ/露もまだ干ぬ
88,22,100,あし/あしのかりねの/蘆のかりねの/ゆゑ/えの/難波/なには/ひとよゆゑ/ねの/蘆のか/難波江の　蘆のかりねの　ひとよゆゑ/難波江/あしの/難波江の/蘆の/江の/なにはえの/ひとよ/なにはえ/なにはえの　あしのかりねの　ひとよゆゑ/ひと/なに
89,21,98,絶えな/たまの/ながらへば/絶えなば絶えね/たえ/玉の緒よ/へば/たま/玉の/えね/ながら/玉の緒よ　絶えなば絶えね　ながらへば/なが/をよ/たまのをよ　たえなばたえね　ながらへば/たえなばたえね/絶え/玉の緒/緒よ/たえな/たまのをよ
90,24,106,見せばやな　雄島の海人の　袖だにも/みせばやな/をじ/見せ/やな/袖だにも/袖だ/みせばやな　をじまのあまの　そでだにも/をじま/そで/をじまのあまの/にも/袖だに/そでだにも/そでだ/見せばやな/みせば/雄島/見せば/人の/雄島の海人の/雄島の/まの/みせ
91,18,88,よの/鳴くや/きりぎりす　なくやしもよの　さむしろに/さむ/きりぎりす　鳴くや霜夜の　さむしろに/きり/なくや/鳴く/なくやしもよの/鳴くや霜夜の/夜の/なく/さむし/ろに/りす/さむしろに/きりぎ/きりぎりす
92,24,106,わが袖/袖は/潮干に見えぬ/わがそでは　しほひにみえぬ　おきのいしの/沖の石の/おき/では/わがそでは/えぬ/しほ/潮干/潮干に/しほひにみえぬ/しほひ/しの/わが袖は　潮干に見えぬ　沖の石の/石の/おきの/わがそ/わが袖は/わが/おきのいしの/沖の/沖の石
93,24,101,よの/渚漕ぐ/渚漕/もな/世の中/なぎさこぐ/こぐ/常にもがもな/つねに/よのな/世の/漕ぐ/常に/中は/つねにもがもな/よのなかは/世の中は/世の中は　常にもがもな　渚漕ぐ/つね/なぎ/よのなかは　つねにもがもな　なぎさこぐ/常にも/かは/なぎさ
94,24,102,み吉野の/み吉野/みよ/さよ更けて/さよふけて/みよしのの/みよしのの　やまのあきかぜ　さよふけて/やまのあきかぜ/やまの/み吉/さよふ/み吉野の　山の秋風　さよ更けて/野の/さよ/かぜ/さよ更/秋風/みよし/山の秋風/山の秋/山の/けて/やま/のの
95,20,93,憂き世/おおけ/民に/うき/うきよのたみに/みに/おお/おほけなく　うきよのたみに　おほふかな/おほけ/憂き/おほけなく/なく/おけ/おほ/かな/おほふ/おほけなく　憂き世の民に　おほふかな/おほふかな/憂き世の民に/うきよ
96,24,100,花さそふ　嵐の庭の　雪ならで/ゆきならで/庭の/はな/あら/嵐の/らで/はなさ/ゆきな/雪なら/ゆき/嵐の庭/はなさそふ/そふ/花さ/嵐の庭の/はの/雪ならで/はなさそふ　あらしのにはの　ゆきならで/雪な/花さそ/あらし/あらしのにはの/花さそふ
97,25,104,来ぬ/夕なぎ/松帆の/人を/夕なぎに/来ぬ人を　松帆の浦の　夕なぎに/夕な/まつほのうらの/松帆/まつほ/来ぬ人/ぎに/浦の/ゆふな/ゆふなぎに/まつ/とを/らの/こぬひとを　まつほのうらの　ゆふなぎに/松帆の浦の/ゆふ/こぬ/来ぬ人を/こぬひ/こぬひとを
98,24,99,風そ/夕暮は/ならの/風そよぐ/かぜそ/風そよ/ならのをがはの/なら/かぜそよぐ　ならのをがはの　ゆふぐれは/風そよぐ　楢の小川の　夕暮は/よぐ/川の/暮は/ゆふぐ/ゆふ/楢の/楢の小川の/かぜそよぐ/ゆふぐれは/かぜ/はの/れは/楢の小/夕暮
99,18,87,人も恨/ひともをし/めし/人も/人も惜し　人も恨めし　あぢきなく/人も惜/あぢ/惜し/人も惜し/なく/ひともうらめし/あぢきなく/ひとも/ひともをし　ひともうらめし　あぢきなく/あぢき/をし/人も恨めし/ひと
100,21,91,古き/ふるきのきばの/ふるき/古き軒/しのぶにも/百敷や　古き軒端の　しのぶにも/古き軒端の/ももしきや/きや/もも/しの/百敷/ばの/にも/ももし/ももしきや　ふるきのきばの　しのぶにも/百敷や/敷や/端の/しのぶ/ふる
0,26,153,難波津に咲くやこの花冬ごもり今は春べと咲くやこの花/なにわづに　さくやこのはな　ふゆごもり　いまははるべと　さくやこのはな/はな/難波/冬ご/もり/なにわづに/の花/なにわづ/難波津に咲くやこの花/さくやこのはな/さく/いま/なにわ/ふゆごもり/ふゆご/冬ごも/冬ごもり今は春べと咲くやこの花/いまは/難波津/いまははるべと/さくや/づに/ふゆ/なに/べと
